[
  {    
    "countriesAndTerritories": "Afghanistan",
    "geoID": "AF",
    "countryTerritoryCode": "AFG",
    "populationData2019": 38041757,
    "continentExp": "Asia",
    "metrics": 
      {
        "date": "2021-04-01",
        "cases": 1,
        "deaths": 0,
        "cumulativeFor14DaysPer100000": 9.019
      }
  },
  {    
    "countriesAndTerritories": "Afghanistan",
    "geoID": "AF",
    "countryTerritoryCode": "AFG",
    "populationData2019": 38041757,
    "continentExp": "Asia",
    "metrics": 
      {
        "date": "2021-04-02",
        "cases": 1,
        "deaths": 0,
        "cumulativeFor14DaysPer100000": 7.019
      }
  },
    {    
    "countriesAndTerritories": "Afghanistan",
    "geoID": "AF",
    "countryTerritoryCode": "AFG",
    "populationData2019": 38041757,
    "continentExp": "Asia",
    "metrics": 
      {
        "date": "2021-04-03",
        "cases": 1,
        "deaths": 0,
        "cumulativeFor14DaysPer100000": 8.019
      }
  }
]